"Nnamdi Kanu has a case to answer, by Rotimi Fasan",https://www.vanguardngr.com/2025/11/nnamdi-kanu-has-a-case-to-answer-by-rotimi-fasan/,"
											November 12, 2025										"
Criminalising protest undermines democracy,https://www.vanguardngr.com/2025/10/criminalising-protest-undermines-democracy/,"
											October 30, 2025										"
"Osun Amotekun crisis: Group blames Gov. Adeleke, commends Police response",https://www.vanguardngr.com/2025/10/osun-amotekun-crisis-group-blames-gov-adeleke-commends-police-response/,"
											October 30, 2025										"
"The first time I was battered by policemen, by Owei Lakemfa",https://www.vanguardngr.com/2025/11/the-first-time-i-was-battered-by-policemen-by-owei-lakemfa/,"
											November 03, 2025										"
"Nnamdi Kanu’s release, necessary step towards national healing – RULAAC",https://www.vanguardngr.com/2025/10/nnamdi-kanus-release-necessary-step-towards-national-healing-rulaac/,"
											October 31, 2025										"
"#EndSARS: Five years after, lawyers reflect on justice, reform and lessons learnt",https://www.vanguardngr.com/2025/10/endsars-five-years-after-lawyers-reflect-on-justice-reform-and-lessons-learnt/,"
											October 20, 2025										"
"ENDSARS, ABUJA PROTEST: New Lekki Toll Gate assault, Kanu protesters expose deep contradictions in Nigerian system – Dele Farotimi",https://www.vanguardngr.com/2025/10/endsars-abuja-protest-new-lekki-toll-gate-assault-kanu-protesters-expose-deep-contradictions-in-nigerian-system-dele-farotimi/,"
											October 26, 2025										"
#EndSARS Five Year On: Historical Amnesia and the Politics of Forgetting,https://www.vanguardngr.com/2025/10/endsars-five-year-on-historical-amnesia-and-the-politics-of-forgetting/,"
											October 20, 2025										"
Cartoon: ‘Born again’ politicians don’t swear with Ogun,https://www.vanguardngr.com/2025/10/cartoon-born-again-politician-dont-swear-with-ogun/,"
											October 20, 2025										"
Protesters shun Lekki Toll gate as Nigerians mark #EndSARS anniversary,https://www.vanguardngr.com/2025/10/protesters-shun-lekki-toll-gate-as-nigerians-mark-endsars-anniversary/,"
											October 20, 2025										"
"Nnamdi Kanu has a case to answer, by Rotimi Fasan",https://www.vanguardngr.com/2025/11/nnamdi-kanu-has-a-case-to-answer-by-rotimi-fasan/,"
											November 12, 2025										"
Criminalising protest undermines democracy,https://www.vanguardngr.com/2025/10/criminalising-protest-undermines-democracy/,"
											October 30, 2025										"
"Osun Amotekun crisis: Group blames Gov. Adeleke, commends Police response",https://www.vanguardngr.com/2025/10/osun-amotekun-crisis-group-blames-gov-adeleke-commends-police-response/,"
											October 30, 2025										"
"The first time I was battered by policemen, by Owei Lakemfa",https://www.vanguardngr.com/2025/11/the-first-time-i-was-battered-by-policemen-by-owei-lakemfa/,"
											November 03, 2025										"
"Nnamdi Kanu’s release, necessary step towards national healing – RULAAC",https://www.vanguardngr.com/2025/10/nnamdi-kanus-release-necessary-step-towards-national-healing-rulaac/,"
											October 31, 2025										"
"#EndSARS: Five years after, lawyers reflect on justice, reform and lessons learnt",https://www.vanguardngr.com/2025/10/endsars-five-years-after-lawyers-reflect-on-justice-reform-and-lessons-learnt/,"
											October 20, 2025										"
"ENDSARS, ABUJA PROTEST: New Lekki Toll Gate assault, Kanu protesters expose deep contradictions in Nigerian system – Dele Farotimi",https://www.vanguardngr.com/2025/10/endsars-abuja-protest-new-lekki-toll-gate-assault-kanu-protesters-expose-deep-contradictions-in-nigerian-system-dele-farotimi/,"
											October 26, 2025										"
#EndSARS Five Year On: Historical Amnesia and the Politics of Forgetting,https://www.vanguardngr.com/2025/10/endsars-five-year-on-historical-amnesia-and-the-politics-of-forgetting/,"
											October 20, 2025										"
Cartoon: ‘Born again’ politicians don’t swear with Ogun,https://www.vanguardngr.com/2025/10/cartoon-born-again-politician-dont-swear-with-ogun/,"
											October 20, 2025										"
Protesters shun Lekki Toll gate as Nigerians mark #EndSARS anniversary,https://www.vanguardngr.com/2025/10/protesters-shun-lekki-toll-gate-as-nigerians-mark-endsars-anniversary/,"
											October 20, 2025										"
"Nnamdi Kanu has a case to answer, by Rotimi Fasan",https://www.vanguardngr.com/2025/11/nnamdi-kanu-has-a-case-to-answer-by-rotimi-fasan/,"
											November 12, 2025										"
Criminalising protest undermines democracy,https://www.vanguardngr.com/2025/10/criminalising-protest-undermines-democracy/,"
											October 30, 2025										"
"Osun Amotekun crisis: Group blames Gov. Adeleke, commends Police response",https://www.vanguardngr.com/2025/10/osun-amotekun-crisis-group-blames-gov-adeleke-commends-police-response/,"
											October 30, 2025										"
"The first time I was battered by policemen, by Owei Lakemfa",https://www.vanguardngr.com/2025/11/the-first-time-i-was-battered-by-policemen-by-owei-lakemfa/,"
											November 03, 2025										"
"Nnamdi Kanu’s release, necessary step towards national healing – RULAAC",https://www.vanguardngr.com/2025/10/nnamdi-kanus-release-necessary-step-towards-national-healing-rulaac/,"
											October 31, 2025										"
"#EndSARS: Five years after, lawyers reflect on justice, reform and lessons learnt",https://www.vanguardngr.com/2025/10/endsars-five-years-after-lawyers-reflect-on-justice-reform-and-lessons-learnt/,"
											October 20, 2025										"
"ENDSARS, ABUJA PROTEST: New Lekki Toll Gate assault, Kanu protesters expose deep contradictions in Nigerian system – Dele Farotimi",https://www.vanguardngr.com/2025/10/endsars-abuja-protest-new-lekki-toll-gate-assault-kanu-protesters-expose-deep-contradictions-in-nigerian-system-dele-farotimi/,"
											October 26, 2025										"
#EndSARS Five Year On: Historical Amnesia and the Politics of Forgetting,https://www.vanguardngr.com/2025/10/endsars-five-year-on-historical-amnesia-and-the-politics-of-forgetting/,"
											October 20, 2025										"
Protesters shun Lekki Toll gate as Nigerians mark #EndSARS anniversary,https://www.vanguardngr.com/2025/10/protesters-shun-lekki-toll-gate-as-nigerians-mark-endsars-anniversary/,"
											October 20, 2025										"
"Nnamdi Kanu has a case to answer, by Rotimi Fasan",https://www.vanguardngr.com/2025/11/nnamdi-kanu-has-a-case-to-answer-by-rotimi-fasan/,"
											November 12, 2025										"
Criminalising protest undermines democracy,https://www.vanguardngr.com/2025/10/criminalising-protest-undermines-democracy/,"
											October 30, 2025										"
"Osun Amotekun crisis: Group blames Gov. Adeleke, commends Police response",https://www.vanguardngr.com/2025/10/osun-amotekun-crisis-group-blames-gov-adeleke-commends-police-response/,"
											October 30, 2025										"
"The first time I was battered by policemen, by Owei Lakemfa",https://www.vanguardngr.com/2025/11/the-first-time-i-was-battered-by-policemen-by-owei-lakemfa/,"
											November 03, 2025										"
"Nnamdi Kanu’s release, necessary step towards national healing – RULAAC",https://www.vanguardngr.com/2025/10/nnamdi-kanus-release-necessary-step-towards-national-healing-rulaac/,"
											October 31, 2025										"
"#EndSARS: Five years after, lawyers reflect on justice, reform and lessons learnt",https://www.vanguardngr.com/2025/10/endsars-five-years-after-lawyers-reflect-on-justice-reform-and-lessons-learnt/,"
											October 20, 2025										"
"ENDSARS, ABUJA PROTEST: New Lekki Toll Gate assault, Kanu protesters expose deep contradictions in Nigerian system – Dele Farotimi",https://www.vanguardngr.com/2025/10/endsars-abuja-protest-new-lekki-toll-gate-assault-kanu-protesters-expose-deep-contradictions-in-nigerian-system-dele-farotimi/,"
											October 26, 2025										"
#EndSARS Five Year On: Historical Amnesia and the Politics of Forgetting,https://www.vanguardngr.com/2025/10/endsars-five-year-on-historical-amnesia-and-the-politics-of-forgetting/,"
											October 20, 2025										"
Protesters shun Lekki Toll gate as Nigerians mark #EndSARS anniversary,https://www.vanguardngr.com/2025/10/protesters-shun-lekki-toll-gate-as-nigerians-mark-endsars-anniversary/,"
											October 20, 2025										"
"EndSARS @5: Memories, martyrs, unfinished struggle for justice",https://www.vanguardngr.com/2025/10/endsars-5-memories-martyrs-unfinished-struggle-for-justice/,"
											October 20, 2025										"
"Five years after #EndSARS, Yesufu, Mr Macaroni, Rinu remember victims",https://www.vanguardngr.com/2025/10/five-years-after-endsars-yesufu-mr-macaroni-rinu-remember-victims/,"
											October 20, 2025										"
"Nigerian newspapers review: [EndSARS@5] Memories, martyrs, unfinished struggle for justice",https://www.vanguardngr.com/2025/10/nigerian-newspapers-review-endsars5-memories-martyrs-unfinished-struggle-for-justice/,"
											October 20, 2025										"
"EndSARS’ role: Health worker flees over alleged brutality, threat to life",https://www.vanguardngr.com/2025/10/endsars-role-health-worker-flees-over-alleged-brutality-threat-to-life/,"
											October 31, 2025										"
The making of Tsunami Soludo,https://www.vanguardngr.com/2025/11/the-making-of-tsunami-soludo/,"
											November 12, 2025										"
#FreeNnamdiKanu: Nigeria is only pretending to be in Democracy  —  Farotimi,https://www.vanguardngr.com/2025/10/freennamdikanu-nigeria-is-only-pretending-to-be-in-democracy-farotimi/,"
											October 21, 2025										"
EndSars: Arewa leader demands justice for northerners killed in Rivers,https://www.vanguardngr.com/2025/10/endsars-arewa-leader-demands-justice-for-northerners-killed-in-rivers/,"
											October 20, 2025										"
"Abuja protest: Court remands Kanu’s lawyer, brother, 10 others in prison",https://www.vanguardngr.com/2025/10/abuja-protest-court-remands-kanus-lawyer-brother-10-others-in-prison/,"
											October 22, 2025										"
"Society must do more to ensure nutrition for every Nigerian child, experts warn",https://www.vanguardngr.com/2025/11/society-must-do-more-to-ensure-nutrition-for-every-nigerian-child-experts-warn/,"
											November 13, 2025										"
"Lawmakers, ex-Reps urge INEC to ensure electronic transmission of 2027 election results",https://www.vanguardngr.com/2025/11/lawmakers-ex-reps-urge-inec-to-ensure-electronic-transmission-of-2027-election-results/,"
											November 12, 2025										"
Abakaliki FC suspend coach Onyedika indefinitely,https://www.vanguardngr.com/2025/11/abakaliki-fc-suspends-coach-onyedika-indefinitely/,"
											November 15, 2025										"
"Release Kanu’s brother, lawyer, other protesters now – Wabara tells police",https://www.vanguardngr.com/2025/10/release-kanus-brother-lawyer-other-protesters-now-wabara-tells-police/,"
											October 21, 2025										"
Lagos govt tasks contractors on timely project delivery,https://www.vanguardngr.com/2025/11/lagos-govt-tasks-contractors-on-timely-project-delivery/,"
											November 10, 2025										"
"FG taking necessary steps to end insecurity in Nigeria, says AGF",https://www.vanguardngr.com/2025/11/fg-taking-necessary-steps-to-end-insecurity-in-nigeria-says-agf/,"
											November 15, 2025										"
Historically: How Endsars protest took off across Nigeria,https://www.vanguardngr.com/2025/10/historically-how-endsars-protest-took-off-across-nigeria/,"
											October 09, 2025										"
,,
,,
,,
,,
,,
,,
,,
,,
,,
,,
,,
,,
,,
